id,display_name,works_api_url,h_index,works_count,country_code
https://openalex.org/A5053043999,Aaron J. Schein,https://api.openalex.org/works?filter=author.id:A5053043999,16,19,US
https://openalex.org/A5061449471,Afra Mashhadi,https://api.openalex.org/works?filter=author.id:A5061449471,16,91,US
https://openalex.org/A5033831688,Alberto Acerbi,https://api.openalex.org/works?filter=author.id:A5033831688,29,162,IT
https://openalex.org/A5007176508,Alex Pentland,https://api.openalex.org/works?filter=author.id:A5007176508,122,1033,US
https://openalex.org/A5029104172,Alex Rutherford,https://api.openalex.org/works?filter=author.id:A5029104172,13,53,DE
https://openalex.org/A5047198701,Alexander J. Gates,https://api.openalex.org/works?filter=author.id:A5047198701,13,45,US
https://openalex.org/A5108870187,Alina Fonseca Flores,https://api.openalex.org/works?filter=author.id:A5108870187,0,1,N/A
https://openalex.org/A5004403692,Alina Jade Barnett,https://api.openalex.org/works?filter=author.id:A5004403692,7,26,US
https://openalex.org/A5019023655,Alyssa Smith,https://api.openalex.org/works?filter=author.id:A5019023655,2,4,MX
https://openalex.org/A5038897083,Andrés Abeliuk,https://api.openalex.org/works?filter=author.id:A5038897083,14,76,CL
https://openalex.org/A5069503439,Angela Zavaleta Bernuy,https://api.openalex.org/works?filter=author.id:A5069503439,5,40,CA
https://openalex.org/A5002575847,Angelina Wang,https://api.openalex.org/works?filter=author.id:A5002575847,12,38,US
https://openalex.org/A5030629307,Aniket Kesari,https://api.openalex.org/works?filter=author.id:A5030629307,5,27,US
https://openalex.org/A5022479813,Anjalie Field,https://api.openalex.org/works?filter=author.id:A5022479813,31,138,US
https://openalex.org/A5102733770,Anna Seo Gyeong Choi,https://api.openalex.org/works?filter=author.id:A5102733770,2,6,US
https://openalex.org/A5078906245,Antonio Longa,https://api.openalex.org/works?filter=author.id:A5078906245,7,33,IT
https://openalex.org/A5089890523,Anubhab Das,https://api.openalex.org/works?filter=author.id:A5089890523,4,9,IN
https://openalex.org/A5078974283,Apostolos Fasianos,https://api.openalex.org/works?filter=author.id:A5078974283,8,26,GR
https://openalex.org/A5040192490,Arianna Pera,https://api.openalex.org/works?filter=author.id:A5040192490,2,7,DK
https://openalex.org/A5025112887,Artem Kuriksha,https://api.openalex.org/works?filter=author.id:A5025112887,2,5,US
https://openalex.org/A5101925935,Arunas Radzvilavicius,https://api.openalex.org/works?filter=author.id:A5101925935,5,21,NO
https://openalex.org/A5048789742,Ashton Anderson,https://api.openalex.org/works?filter=author.id:A5048789742,22,87,US
https://openalex.org/A5045356775,Asmeret Naugle,https://api.openalex.org/works?filter=author.id:A5045356775,5,52,US
https://openalex.org/A5043382223,Babak Hemmatian,https://api.openalex.org/works?filter=author.id:A5043382223,4,31,US
https://openalex.org/A5030641600,Babak Heydari,https://api.openalex.org/works?filter=author.id:A5030641600,20,97,MX
https://openalex.org/A5003963130,Bao-Tran Truong,https://api.openalex.org/works?filter=author.id:A5003963130,6,10,
https://openalex.org/A5049389261,Bence Ságvári,https://api.openalex.org/works?filter=author.id:A5049389261,10,55,HU
https://openalex.org/A5065476982,Benjamin Q. Huynh,https://api.openalex.org/works?filter=author.id:A5065476982,14,37,US
https://openalex.org/A5054308726,Bernardo García Bulle Bueno,https://api.openalex.org/works?filter=author.id:A5054308726,5,14,US
https://openalex.org/A5011857931,Bhargav Srinivasa Desikan,https://api.openalex.org/works?filter=author.id:A5011857931,6,20,GB
https://openalex.org/A5022729086,Bijin Joseph,https://api.openalex.org/works?filter=author.id:A5022729086,2,5,
https://openalex.org/A5017599308,Brady Lund,https://api.openalex.org/works?filter=author.id:A5017599308,20,201,US
https://openalex.org/A5076193392,Brenda Curtis,https://api.openalex.org/works?filter=author.id:A5076193392,25,145,US
https://openalex.org/A5015711710,Brian Uzzi,https://api.openalex.org/works?filter=author.id:A5015711710,51,192,US
https://openalex.org/A5048877432,Bruno Lepri,https://api.openalex.org/works?filter=author.id:A5048877432,47,344,IT
https://openalex.org/A5002621773,Caleb Ziems,https://api.openalex.org/works?filter=author.id:A5002621773,10,42,US
https://openalex.org/A5053733633,Carla Netto,https://api.openalex.org/works?filter=author.id:A5053733633,3,23,IT
https://openalex.org/A5061483468,Carsten Jung,https://api.openalex.org/works?filter=author.id:A5061483468,7,22,GB
https://openalex.org/A5033547967,Casey Doyle,https://api.openalex.org/works?filter=author.id:A5033547967,5,32,US
https://openalex.org/A5022747234,Chaoqun Ni,https://api.openalex.org/works?filter=author.id:A5022747234,19,63,US
https://openalex.org/A5063766667,Chris Chao Su,https://api.openalex.org/works?filter=author.id:A5063766667,7,25,US
https://openalex.org/A5028862879,Christopher P. Kempes,https://api.openalex.org/works?filter=author.id:A5028862879,22,132,US
https://openalex.org/A5086339933,Chudi Zhong,https://api.openalex.org/works?filter=author.id:A5086339933,7,17,US
https://openalex.org/A5099035918,Ciro Beneduce,https://api.openalex.org/works?filter=author.id:A5099035918,0,1,N/A
https://openalex.org/A5024087833,Colin F. Camerer,https://api.openalex.org/works?filter=author.id:A5024087833,116,498,US
https://openalex.org/A5023061106,Cristina Sarasua,https://api.openalex.org/works?filter=author.id:A5023061106,12,49,CH
https://openalex.org/A5070767948,Dallas Card,https://api.openalex.org/works?filter=author.id:A5070767948,23,60,US
https://openalex.org/A5086524212,Danaë Metaxa,https://api.openalex.org/works?filter=author.id:A5086524212,12,34,US
https://openalex.org/A5035425698,Daniel González‐Acuña,https://api.openalex.org/works?filter=author.id:A5035425698,34,325,CL
https://openalex.org/A5027079032,Daniel B. Larremore,https://api.openalex.org/works?filter=author.id:A5027079032,34,129,US
https://openalex.org/A5073734735,Daniel Matter,https://api.openalex.org/works?filter=author.id:A5073734735,8,30,DE
https://openalex.org/A5018502975,Daniel L. Rock,https://api.openalex.org/works?filter=author.id:A5018502975,63,181,US
https://openalex.org/A5064158757,Daniel M. Romero,https://api.openalex.org/works?filter=author.id:A5064158757,27,107,US
https://openalex.org/A5081008532,Daniele Quercia,https://api.openalex.org/works?filter=author.id:A5081008532,43,296,GB
https://openalex.org/A5002041772,Dashun Wang,https://api.openalex.org/works?filter=author.id:A5002041772,34,158,US
https://openalex.org/A5032167625,David J. Blok,https://api.openalex.org/works?filter=author.id:A5032167625,17,47,NL
https://openalex.org/A5089054864,David D. Fang,https://api.openalex.org/works?filter=author.id:A5089054864,43,222,US
https://openalex.org/A5037188851,David Gamba,https://api.openalex.org/works?filter=author.id:A5037188851,1,5,N/A
https://openalex.org/A5100766043,David García,https://api.openalex.org/works?filter=author.id:A5100766043,58,333,CO
https://openalex.org/A5081540617,David H. Rehkopf,https://api.openalex.org/works?filter=author.id:A5081540617,49,276,US
https://openalex.org/A5046126345,David Jurgens,https://api.openalex.org/works?filter=author.id:A5046126345,35,190,US
https://openalex.org/A5013670125,David Lazer,https://api.openalex.org/works?filter=author.id:A5013670125,60,449,US
https://openalex.org/A5054707908,David Rothschild,https://api.openalex.org/works?filter=author.id:A5054707908,26,223,GB
https://openalex.org/A5069298278,Davide Longo,https://api.openalex.org/works?filter=author.id:A5069298278,4,10,GB
https://openalex.org/A5004281470,Deb Roy,https://api.openalex.org/works?filter=author.id:A5004281470,41,289,US
https://openalex.org/A5092160841,Denis Hudon,https://api.openalex.org/works?filter=author.id:A5092160841,1,2,N/A
https://openalex.org/A5083334761,Derek Aguiar,https://api.openalex.org/works?filter=author.id:A5083334761,9,38,US
https://openalex.org/A5008551833,Derek Ouyang,https://api.openalex.org/works?filter=author.id:A5008551833,6,32,US
https://openalex.org/A5102791025,Devansh Jain,https://api.openalex.org/works?filter=author.id:A5102791025,5,14,US
https://openalex.org/A5101456958,Dhruv Gupta,https://api.openalex.org/works?filter=author.id:A5101456958,9,54,IN
https://openalex.org/A5113057263,Difan Jiao,https://api.openalex.org/works?filter=author.id:A5113057263,1,3,N/A
https://openalex.org/A5089413311,Diyi Yang,https://api.openalex.org/works?filter=author.id:A5089413311,42,321,US
https://openalex.org/A5003636926,Do Won Kim,https://api.openalex.org/works?filter=author.id:A5003636926,25,226,KR
https://openalex.org/A5010846099,Dong-Hyeon Seo,https://api.openalex.org/works?filter=author.id:A5010846099,4,11,KR
https://openalex.org/A5069137598,Dong‐Hyun Kang,https://api.openalex.org/works?filter=author.id:A5069137598,54,322,KR
https://openalex.org/A5040821714,Dongyeop Kang,https://api.openalex.org/works?filter=author.id:A5040821714,17,159,US
https://openalex.org/A5064910304,Doug Beeferman,https://api.openalex.org/works?filter=author.id:A5064910304,12,40,US
https://openalex.org/A5036032919,Douglas Guilbeault,https://api.openalex.org/works?filter=author.id:A5036032919,12,44,US
https://openalex.org/A5063445465,Drew Dimmery,https://api.openalex.org/works?filter=author.id:A5063445465,6,35,US
https://openalex.org/A5015761687,Duccio Piovani,https://api.openalex.org/works?filter=author.id:A5015761687,6,21,GB
https://openalex.org/A5093587867,Duncan Cassells,https://api.openalex.org/works?filter=author.id:A5093587867,1,2,FR
https://openalex.org/A5000868394,Eaman Jahani,https://api.openalex.org/works?filter=author.id:A5000868394,10,38,US
https://openalex.org/A5013389509,Asli Ebru Şanlıtürk,https://api.openalex.org/works?filter=author.id:A5013389509,3,15,DE
https://openalex.org/A5040483533,Eduardo López‐Collazo,https://api.openalex.org/works?filter=author.id:A5040483533,42,191,ES
https://openalex.org/A5059356040,Elisabeth Stockinger,https://api.openalex.org/works?filter=author.id:A5059356040,2,6,CH
https://openalex.org/A5044856388,Elizabeth T. Chin,https://api.openalex.org/works?filter=author.id:A5044856388,17,52,US
https://openalex.org/A5086453253,Emilio Zagheni,https://api.openalex.org/works?filter=author.id:A5086453253,34,195,DE
https://openalex.org/A5049417901,Emily Tran,https://api.openalex.org/works?filter=author.id:A5049417901,1,9,US
https://openalex.org/A5067807487,Emma Pierson,https://api.openalex.org/works?filter=author.id:A5067807487,23,103,US
https://openalex.org/A5016545677,Emma Wang,https://api.openalex.org/works?filter=author.id:A5016545677,10,38,US
https://openalex.org/A5026626448,Eni Mustafaraj,https://api.openalex.org/works?filter=author.id:A5026626448,17,110,US
https://openalex.org/A5116269664,Enrico Verdolotti,https://api.openalex.org/works?filter=author.id:A5116269664,0,0,N/A
https://openalex.org/A5080592381,Erdem Yörük,https://api.openalex.org/works?filter=author.id:A5080592381,18,94,GB
https://openalex.org/A5024795472,Éric Gilbert,https://api.openalex.org/works?filter=author.id:A5024795472,56,207,US
https://openalex.org/A5043228682,Eric Horvitz,https://api.openalex.org/works?filter=author.id:A5043228682,92,706,US
https://openalex.org/A5046542764,Eric Malmi,https://api.openalex.org/works?filter=author.id:A5046542764,21,84,CH
https://openalex.org/A5033922950,Ernesto J. Calvo,https://api.openalex.org/works?filter=author.id:A5033922950,45,213,AR
https://openalex.org/A5001994692,Esin Durmus,https://api.openalex.org/works?filter=author.id:A5001994692,21,56,US
https://openalex.org/A5088539840,Esteban Moro,https://api.openalex.org/works?filter=author.id:A5088539840,37,182,US
https://openalex.org/A5049679668,Ethan Zuckerman,https://api.openalex.org/works?filter=author.id:A5049679668,20,78,US
https://openalex.org/A5041494411,Eugene Jang,https://api.openalex.org/works?filter=author.id:A5041494411,17,46,US
https://openalex.org/A5046927655,Fabian Baumann,https://api.openalex.org/works?filter=author.id:A5046927655,15,56,DE
https://openalex.org/A5012811021,Fabio Carrella,https://api.openalex.org/works?filter=author.id:A5012811021,3,15,GB
https://openalex.org/A5076364930,Farnaz Jahanbakhsh,https://api.openalex.org/works?filter=author.id:A5076364930,8,15,US
https://openalex.org/A5061723972,Federico Zimmerman,https://api.openalex.org/works?filter=author.id:A5061723972,1,1,AR
https://openalex.org/A5112943904,Felix Patrick Sedgwick Wallis,https://api.openalex.org/works?filter=author.id:A5112943904,0,1,GB
https://openalex.org/A5079914638,Feng Fu,https://api.openalex.org/works?filter=author.id:A5079914638,54,617,CN
https://openalex.org/A5061444760,Fereshteh Amini,https://api.openalex.org/works?filter=author.id:A5061444760,11,31,US
https://openalex.org/A5086501120,Fernanda Ferreira,https://api.openalex.org/works?filter=author.id:A5086501120,56,239,US
https://openalex.org/A5042920909,Fernando Chirigati,https://api.openalex.org/works?filter=author.id:A5042920909,16,90,US
https://openalex.org/A5025683130,Filipi N. Silva,https://api.openalex.org/works?filter=author.id:A5025683130,20,97,US
https://openalex.org/A5021346979,Filippo Menczer,https://api.openalex.org/works?filter=author.id:A5021346979,75,670,BR
https://openalex.org/A5088178289,Fiona Anting Tan,https://api.openalex.org/works?filter=author.id:A5088178289,6,19,SG
https://openalex.org/A5004596083,Fırat Duruşan,https://api.openalex.org/works?filter=author.id:A5004596083,5,20,TR
https://openalex.org/A5091815434,Florian Saurwein,https://api.openalex.org/works?filter=author.id:A5091815434,15,83,DE
https://openalex.org/A5089362945,Sarah Knight,https://api.openalex.org/works?filter=author.id:A5089362945,21,41,US
https://openalex.org/A5013385420,Francesco Pierri,https://api.openalex.org/works?filter=author.id:A5013385420,18,352,IT
https://openalex.org/A5039966234,Francisco Barreras,https://api.openalex.org/works?filter=author.id:A5039966234,3,24,US
https://openalex.org/A5017437256,Frank Mangold,https://api.openalex.org/works?filter=author.id:A5017437256,7,31,DE
https://openalex.org/A5057650206,Frank Schweitzer,https://api.openalex.org/works?filter=author.id:A5057650206,56,488,CH
https://openalex.org/A5062726415,Frederik Riedel,https://api.openalex.org/works?filter=author.id:A5062726415,4,7,DE
https://openalex.org/A5077079991,Friedolin Merhout,https://api.openalex.org/works?filter=author.id:A5077079991,9,15,DK
https://openalex.org/A5040217228,Fujio Toriumi,https://api.openalex.org/works?filter=author.id:A5040217228,16,228,JP
https://openalex.org/A5048697208,Fynn Bachmann,https://api.openalex.org/works?filter=author.id:A5048697208,2,5,DE
https://openalex.org/A5080267104,Genki Ichinose,https://api.openalex.org/works?filter=author.id:A5080267104,17,84,JP
https://openalex.org/A5023509726,Gian Maria Campedelli,https://api.openalex.org/works?filter=author.id:A5023509726,12,65,IT
https://openalex.org/A5064475993,Giona Casiraghi,https://api.openalex.org/works?filter=author.id:A5064475993,10,55,CH
https://openalex.org/A5056583184,Giovanni Luca Ciampaglia,https://api.openalex.org/works?filter=author.id:A5056583184,22,78,US
https://openalex.org/A5063367289,Giovanni Petri,https://api.openalex.org/works?filter=author.id:A5063367289,31,137,US
https://openalex.org/A5058033787,Giulia Cencetti,https://api.openalex.org/works?filter=author.id:A5058033787,13,53,IT
https://openalex.org/A5076690603,Giulia Martini,https://api.openalex.org/works?filter=author.id:A5076690603,28,200,IT
https://openalex.org/A5017025292,Giuseppe Veltri,https://api.openalex.org/works?filter=author.id:A5017025292,28,402,IT
https://openalex.org/A5007136526,Rossella Russo,https://api.openalex.org/works?filter=author.id:A5007136526,38,158,IT
https://openalex.org/A5020533147,Gordon Pennycook,https://api.openalex.org/works?filter=author.id:A5020533147,67,257,US
https://openalex.org/A5107185224,Grant Bunn,https://api.openalex.org/works?filter=author.id:A5107185224,0,1,N/A
https://openalex.org/A5073672615,Grant Schoenebeck,https://api.openalex.org/works?filter=author.id:A5073672615,21,138,US
https://openalex.org/A5055926787,Guangyuan Weng,https://api.openalex.org/works?filter=author.id:A5055926787,5,34,CN
https://openalex.org/A5073430015,G. Falmagne,https://api.openalex.org/works?filter=author.id:A5073430015,25,336,FR
https://openalex.org/A5061923992,Haewoon Kwak,https://api.openalex.org/works?filter=author.id:A5061923992,38,207,US
https://openalex.org/A5045331047,Hang Jiang,https://api.openalex.org/works?filter=author.id:A5045331047,26,136,CN
https://openalex.org/A5030654899,Hannah Kinzer,https://api.openalex.org/works?filter=author.id:A5030654899,5,16,US
https://openalex.org/A5068831099,Peng Geng,https://api.openalex.org/works?filter=author.id:A5068831099,65,1029,CN
https://openalex.org/A5049483871,Haohan Chen,https://api.openalex.org/works?filter=author.id:A5049483871,13,68,CN
https://openalex.org/A5012164081,Haoning Xue,https://api.openalex.org/works?filter=author.id:A5012164081,4,15,US
https://openalex.org/A5111578200,Harsh Kumar,https://api.openalex.org/works?filter=author.id:A5111578200,35,322,IN
https://openalex.org/A5019897078,Harsh R. Parikh,https://api.openalex.org/works?filter=author.id:A5019897078,10,58,US
https://openalex.org/A5012739163,Haruhiko Tashiro,https://api.openalex.org/works?filter=author.id:A5012739163,6,16,JP
https://openalex.org/A5022754313,Hause Lin,https://api.openalex.org/works?filter=author.id:A5022754313,16,75,US
https://openalex.org/A5101854927,Hazem Ibrahim,https://api.openalex.org/works?filter=author.id:A5101854927,12,25,FI
https://openalex.org/A5006910348,Heleen J. Janssen,https://api.openalex.org/works?filter=author.id:A5006910348,13,42,NL
https://openalex.org/A5054311085,Hend Alrasheed,https://api.openalex.org/works?filter=author.id:A5054311085,10,35,SA
https://openalex.org/A5083062158,H. Harald Freudenthaler,https://api.openalex.org/works?filter=author.id:A5083062158,24,48,AT
https://openalex.org/A5106113037,Herman Brunborg,https://api.openalex.org/works?filter=author.id:A5106113037,1,1,N/A
https://openalex.org/A5000373924,Heysung Lee,https://api.openalex.org/works?filter=author.id:A5000373924,3,8,US
https://openalex.org/A5006651432,Hilke Schellmann,https://api.openalex.org/works?filter=author.id:A5006651432,3,5,US
https://openalex.org/A5052717630,Hiroki Sayama,https://api.openalex.org/works?filter=author.id:A5052717630,36,341,US
https://openalex.org/A5011168888,Homa Hosseinmardi,https://api.openalex.org/works?filter=author.id:A5011168888,12,21,US
https://openalex.org/A5058226478,Honglin Bao,https://api.openalex.org/works?filter=author.id:A5058226478,4,12,US
https://openalex.org/A5018646665,Hope Schroeder,https://api.openalex.org/works?filter=author.id:A5018646665,2,7,US
https://openalex.org/A5065023939,Holly Zhou,https://api.openalex.org/works?filter=author.id:A5065023939,21,52,US
https://openalex.org/A5102688812,Huayin Luo,https://api.openalex.org/works?filter=author.id:A5102688812,1,4,CA
https://openalex.org/A5065212478,Huilian Sophie Qiu,https://api.openalex.org/works?filter=author.id:A5065212478,6,21,US
https://openalex.org/A5025745021,Hyejin Youn,https://api.openalex.org/works?filter=author.id:A5025745021,18,55,CA
https://openalex.org/A5104878067,Ibrahim Enes Atac,https://api.openalex.org/works?filter=author.id:A5104878067,0,1,US
https://openalex.org/A5007166081,Ichiro Sakata,https://api.openalex.org/works?filter=author.id:A5007166081,34,129,JP
https://openalex.org/A5095383854,Ihsan Kahveci,https://api.openalex.org/works?filter=author.id:A5095383854,1,1,N/A
https://openalex.org/A5073879118,Ilaria Lauzana,https://api.openalex.org/works?filter=author.id:A5073879118,2,2,CH
https://openalex.org/A5053200092,Ilia Sucholutsky,https://api.openalex.org/works?filter=author.id:A5053200092,10,76,US
https://openalex.org/A5095335105,Indraneel Mane,https://api.openalex.org/works?filter=author.id:A5095335105,0,1,N/A
https://openalex.org/A5010287399,Inho Hong,https://api.openalex.org/works?filter=author.id:A5010287399,6,37,KR
https://openalex.org/A5078665583,Isaac Slaughter,https://api.openalex.org/works?filter=author.id:A5078665583,2,6,US
https://openalex.org/A5025356846,Ishaan Gupta,https://api.openalex.org/works?filter=author.id:A5025356846,18,100,US
https://openalex.org/A5061837561,Ivan Burkov,https://api.openalex.org/works?filter=author.id:A5061837561,3,14,RU
https://openalex.org/A5069671758,Ivano Bison,https://api.openalex.org/works?filter=author.id:A5069671758,12,43,IT
https://openalex.org/A5009232244,Iyad Rahwan,https://api.openalex.org/works?filter=author.id:A5009232244,44,332,DE
https://openalex.org/A5114281370,Işık Topçu,https://api.openalex.org/works?filter=author.id:A5114281370,1,1,TR
https://openalex.org/A5039792659,JF Bonnefon,https://api.openalex.org/works?filter=author.id:A5039792659,0,1,N/A
https://openalex.org/A5040974039,Jacob Aarup Dalsgaard,https://api.openalex.org/works?filter=author.id:A5040974039,3,4,DK
https://openalex.org/A5026429870,Jad Kabbara,https://api.openalex.org/works?filter=author.id:A5026429870,4,29,US
https://openalex.org/A5101501438,Jaeyeon Kim,https://api.openalex.org/works?filter=author.id:A5101501438,26,181,US
https://openalex.org/A5002187701,Jaideep Srivastava,https://api.openalex.org/works?filter=author.id:A5002187701,50,541,US
https://openalex.org/A5022229311,James Alex Bonus,https://api.openalex.org/works?filter=author.id:A5022229311,12,38,US
https://openalex.org/A5041299495,James W. Crissman,https://api.openalex.org/works?filter=author.id:A5041299495,13,25,JP
https://openalex.org/A5071261828,James Evans,https://api.openalex.org/works?filter=author.id:A5071261828,59,697,US
https://openalex.org/A5014437029,Jana Lasser,https://api.openalex.org/works?filter=author.id:A5014437029,15,117,AT
https://openalex.org/A5045528962,Jeffrey T. Hancock,https://api.openalex.org/works?filter=author.id:A5045528962,67,330,US
https://openalex.org/A5077795637,Jennifer Pan,https://api.openalex.org/works?filter=author.id:A5077795637,28,245,US
https://openalex.org/A5064023275,J. G. McLeod,https://api.openalex.org/works?filter=author.id:A5064023275,56,165,US
https://openalex.org/A5019562492,Jeffrey Field,https://api.openalex.org/works?filter=author.id:A5019562492,48,135,US
https://openalex.org/A5068008545,Jessica Hullman,https://api.openalex.org/works?filter=author.id:A5068008545,30,147,US
https://openalex.org/A5100754509,Jiayi Huang,https://api.openalex.org/works?filter=author.id:A5100754509,43,310,US
https://openalex.org/A5083931769,Jiakai Shi,https://api.openalex.org/works?filter=author.id:A5083931769,3,9,CA
https://openalex.org/A5019698232,Jie Gao,https://api.openalex.org/works?filter=author.id:A5019698232,37,441,CN
https://openalex.org/A5100380043,Jiayu Chen,https://api.openalex.org/works?filter=author.id:A5100380043,30,197,CN
https://openalex.org/A5102918288,Jiayu Zheng,https://api.openalex.org/works?filter=author.id:A5102918288,13,35,CN
https://openalex.org/A5027363334,Chu Jie Jiessie Tie,https://api.openalex.org/works?filter=author.id:A5027363334,1,1,CA
https://openalex.org/A5100336827,Jing Li,https://api.openalex.org/works?filter=author.id:A5100336827,71,1554,CN
https://openalex.org/A5100455090,Young‐Eun Kim,https://api.openalex.org/works?filter=author.id:A5100455090,89,415,KR
https://openalex.org/A5020144785,Jing Han,https://api.openalex.org/works?filter=author.id:A5020144785,40,182,CN
https://openalex.org/A5062319704,Jian Sun,https://api.openalex.org/works?filter=author.id:A5062319704,36,507,CN
https://openalex.org/A5100435139,Jingwen Zhang,https://api.openalex.org/works?filter=author.id:A5100435139,47,399,CN
https://openalex.org/A5102922371,Jinhyuk Yun,https://api.openalex.org/works?filter=author.id:A5102922371,6,40,KR
https://openalex.org/A5100391612,Ji‐Soo Kim,https://api.openalex.org/works?filter=author.id:A5100391612,47,544,KR
https://openalex.org/A5017357324,Jisu Huh,https://api.openalex.org/works?filter=author.id:A5017357324,28,106,US
https://openalex.org/A5084955495,Jisun An,https://api.openalex.org/works?filter=author.id:A5084955495,30,175,KR
https://openalex.org/A5091604689,Ji Sung Yoon,https://api.openalex.org/works?filter=author.id:A5091604689,21,116,KR
https://openalex.org/A5054808675,Joel Z. Leibo,https://api.openalex.org/works?filter=author.id:A5054808675,40,184,GB
https://openalex.org/A5082461253,Johan Bollen,https://api.openalex.org/works?filter=author.id:A5082461253,39,167,US
https://openalex.org/A5072263832,Johan Ugander,https://api.openalex.org/works?filter=author.id:A5072263832,22,104,US
https://openalex.org/A5040094911,Johanna Hidalgo,https://api.openalex.org/works?filter=author.id:A5040094911,3,13,US
https://openalex.org/A5085714892,John Bryden,https://api.openalex.org/works?filter=author.id:A5085714892,18,164,NO
https://openalex.org/A5006240593,John P. Diaz,https://api.openalex.org/works?filter=author.id:A5006240593,17,101,US
https://openalex.org/A5077125314,John J. Horton,https://api.openalex.org/works?filter=author.id:A5077125314,26,119,US
https://openalex.org/A5055710645,Jon Kleinberg,https://api.openalex.org/works?filter=author.id:A5055710645,121,680,US
https://openalex.org/A5075221940,Jonathan Stray,https://api.openalex.org/works?filter=author.id:A5075221940,10,34,US
https://openalex.org/A5114469997,Jonathan Vincentius,https://api.openalex.org/works?filter=author.id:A5114469997,0,1,N/A
https://openalex.org/A5012381948,Joost Rietveld,https://api.openalex.org/works?filter=author.id:A5012381948,12,43,GB
https://openalex.org/A5092887068,Jordan Llorin,https://api.openalex.org/works?filter=author.id:A5092887068,2,9,US
https://openalex.org/A5020837142,Jordyn Young,https://api.openalex.org/works?filter=author.id:A5020837142,5,14,US
https://openalex.org/A5063065481,Josephine Lukito,https://api.openalex.org/works?filter=author.id:A5063065481,16,55,US
https://openalex.org/A5007313170,Josh Nguyen,https://api.openalex.org/works?filter=author.id:A5007313170,1,1,N/A
https://openalex.org/A5048428275,Joshua Ashkinaze,https://api.openalex.org/works?filter=author.id:A5048428275,2,8,US
https://openalex.org/A5035107313,Joshua Garland,https://api.openalex.org/works?filter=author.id:A5035107313,15,80,US
https://openalex.org/A5050709026,Joshua Introne,https://api.openalex.org/works?filter=author.id:A5050709026,13,32,US
https://openalex.org/A5058954591,João Sedoc,https://api.openalex.org/works?filter=author.id:A5058954591,20,140,US
https://openalex.org/A5007289706,Juan Diego Porras-Alvarado,https://api.openalex.org/works?filter=author.id:A5007289706,6,18,US
https://openalex.org/A5040399099,Julia Kim‐Cohen,https://api.openalex.org/works?filter=author.id:A5040399099,26,30,US
https://openalex.org/A5084303908,Júlia Koltai,https://api.openalex.org/works?filter=author.id:A5084303908,11,60,HU
https://openalex.org/A5038833789,Julia Mendelsohn,https://api.openalex.org/works?filter=author.id:A5038833789,9,22,US
https://openalex.org/A5089082846,Julia Witte Zimmerman,https://api.openalex.org/works?filter=author.id:A5089082846,2,7,US
https://openalex.org/A5006695988,Julian Kohne,https://api.openalex.org/works?filter=author.id:A5006695988,4,10,DE
https://openalex.org/A5017688180,Julian Nyarko,https://api.openalex.org/works?filter=author.id:A5017688180,9,48,US
https://openalex.org/A5013134790,Jun Luo,https://api.openalex.org/works?filter=author.id:A5013134790,105,488,CN
https://openalex.org/A5110689274,Junyuan Wu,https://api.openalex.org/works?filter=author.id:A5110689274,20,29,US
https://openalex.org/A5087362167,Junghyun Lim,https://api.openalex.org/works?filter=author.id:A5087362167,19,75,KR
https://openalex.org/A5077849607,Jung Min Han,https://api.openalex.org/works?filter=author.id:A5077849607,37,163,KR
https://openalex.org/A5074392155,Jungsik Choi,https://api.openalex.org/works?filter=author.id:A5074392155,22,188,KR
https://openalex.org/A5073688320,Juniper Lovato,https://api.openalex.org/works?filter=author.id:A5073688320,4,20,US
https://openalex.org/A5028191957,Junsol Kim,https://api.openalex.org/works?filter=author.id:A5028191957,5,15,US
https://openalex.org/A5091272738,Jure Leskovec,https://api.openalex.org/works?filter=author.id:A5091272738,138,662,US
https://openalex.org/A5030571651,Jürgen Pfeffer,https://api.openalex.org/works?filter=author.id:A5030571651,26,183,DE
https://openalex.org/A5054574752,Kai‐Cheng Yang,https://api.openalex.org/works?filter=author.id:A5054574752,20,122,US
https://openalex.org/A5071349842,Kaiping Chen,https://api.openalex.org/works?filter=author.id:A5071349842,16,68,US
https://openalex.org/A5031278789,Kaitlyn Zhou,https://api.openalex.org/works?filter=author.id:A5031278789,8,21,US
https://openalex.org/A5082589496,Kang‐Hyun Cho,https://api.openalex.org/works?filter=author.id:A5082589496,11,72,KR
https://openalex.org/A5104298424,Karim Hamade,https://api.openalex.org/works?filter=author.id:A5104298424,0,1,N/A
https://openalex.org/A5045494255,Kate Starbird,https://api.openalex.org/works?filter=author.id:A5045494255,36,113,US
https://openalex.org/A5017708876,Katherine Van Koevering,https://api.openalex.org/works?filter=author.id:A5017708876,2,10,US
https://openalex.org/A5054876523,Kathryn E. Cramer,https://api.openalex.org/works?filter=author.id:A5054876523,20,50,US
https://openalex.org/A5017229269,Kathryn Stanton,https://api.openalex.org/works?filter=author.id:A5017229269,2,10,US
https://openalex.org/A5092002730,Katie Spoon,https://api.openalex.org/works?filter=author.id:A5092002730,2,9,US
https://openalex.org/A5015623077,Kazuki Fujikawa,https://api.openalex.org/works?filter=author.id:A5015623077,5,9,JP
https://openalex.org/A5046036512,Kazutoshi Sasahara,https://api.openalex.org/works?filter=author.id:A5046036512,16,126,JP
https://openalex.org/A5063417857,Ke Fang,https://api.openalex.org/works?filter=author.id:A5063417857,42,358,US
https://openalex.org/A5020614234,Kehang Zhu,https://api.openalex.org/works?filter=author.id:A5020614234,3,9,US
https://openalex.org/A5072650488,Kei Ichikawa,https://api.openalex.org/works?filter=author.id:A5072650488,2,2,JP
https://openalex.org/A5009943357,Keith Burghardt,https://api.openalex.org/works?filter=author.id:A5009943357,11,141,US
https://openalex.org/A5099282548,Kelsey Isman,https://api.openalex.org/works?filter=author.id:A5099282548,1,5,US
https://openalex.org/A5091233601,Kelun Lu,https://api.openalex.org/works?filter=author.id:A5091233601,2,3,US
https://openalex.org/A5111373420,Kenneth J. Arrow,https://api.openalex.org/works?filter=author.id:A5111373420,113,791,US
https://openalex.org/A5057862739,Kerri Milita,https://api.openalex.org/works?filter=author.id:A5057862739,6,40,US
https://openalex.org/A5015770363,Kevin Munger,https://api.openalex.org/works?filter=author.id:A5015770363,19,212,IT
https://openalex.org/A5043162191,Kevin Tang,https://api.openalex.org/works?filter=author.id:A5043162191,22,108,DE
https://openalex.org/A5110749191,Kevin Zheng Zhou,https://api.openalex.org/works?filter=author.id:A5110749191,51,170,HK
https://openalex.org/A5085921946,Keyon Vafa,https://api.openalex.org/works?filter=author.id:A5085921946,5,33,US
https://openalex.org/A5067094699,Kimitaka Asatani,https://api.openalex.org/works?filter=author.id:A5067094699,7,52,JP
https://openalex.org/A5030740380,Koichi Onoue,https://api.openalex.org/works?filter=author.id:A5030740380,7,26,HK
https://openalex.org/A5079154791,Kokil Jaidka,https://api.openalex.org/works?filter=author.id:A5079154791,24,162,SG
https://openalex.org/A5037636074,Kristian Kersting,https://api.openalex.org/works?filter=author.id:A5037636074,52,568,DE
https://openalex.org/A5031039880,Kristina Gligorić,https://api.openalex.org/works?filter=author.id:A5031039880,9,52,US
https://openalex.org/A5049634383,Kristina Lerman,https://api.openalex.org/works?filter=author.id:A5049634383,58,1944,US
https://openalex.org/A5010530596,Krisztián Boros,https://api.openalex.org/works?filter=author.id:A5010530596,1,7,HU
https://openalex.org/A5019198452,Kushagra Tiwari,https://api.openalex.org/works?filter=author.id:A5019198452,1,1,IN
https://openalex.org/A5021589283,Laura Boeschoten,https://api.openalex.org/works?filter=author.id:A5021589283,8,44,NL
https://openalex.org/A5089181636,Lewis S. Nelson,https://api.openalex.org/works?filter=author.id:A5089181636,62,930,US
https://openalex.org/A5062199735,Lavinia Dunagan,https://api.openalex.org/works?filter=author.id:A5062199735,4,10,US
https://openalex.org/A5027709403,Layla Bouzoubaa,https://api.openalex.org/works?filter=author.id:A5027709403,6,24,US
https://openalex.org/A5057537114,Le He,https://api.openalex.org/works?filter=author.id:A5057537114,52,295,CN
https://openalex.org/A5093405128,Leah von der Heyde,https://api.openalex.org/works?filter=author.id:A5093405128,2,4,DE
https://openalex.org/A5093285904,Leon Assaad,https://api.openalex.org/works?filter=author.id:A5093285904,1,1,N/A
https://openalex.org/A5047413956,Levin Brinkmann,https://api.openalex.org/works?filter=author.id:A5047413956,3,7,DE
https://openalex.org/A5100640251,Qiwei Li,https://api.openalex.org/works?filter=author.id:A5100640251,27,217,US
https://openalex.org/A5059969678,Liam Dugan,https://api.openalex.org/works?filter=author.id:A5059969678,6,32,US
https://openalex.org/A5077179813,Libby Hemphill,https://api.openalex.org/works?filter=author.id:A5077179813,19,143,US
https://openalex.org/A5111039992,Lihan Yan,https://api.openalex.org/works?filter=author.id:A5111039992,21,35,US
https://openalex.org/A5081114479,Likun Cao,https://api.openalex.org/works?filter=author.id:A5081114479,13,25,CN
https://openalex.org/A5082665196,Lillio Mok,https://api.openalex.org/works?filter=author.id:A5082665196,4,10,CA
https://openalex.org/A5083206827,Banglin Chen,https://api.openalex.org/works?filter=author.id:A5083206827,143,1055,CN
https://openalex.org/A5010281475,Lindsay C. Page,https://api.openalex.org/works?filter=author.id:A5010281475,27,147,US
https://openalex.org/A5072392110,Lingxin Hao,https://api.openalex.org/works?filter=author.id:A5072392110,31,112,US
https://openalex.org/A5101925774,Linjun Zhang,https://api.openalex.org/works?filter=author.id:A5101925774,17,75,CN
https://openalex.org/A5019373396,Linnea Gandhi,https://api.openalex.org/works?filter=author.id:A5019373396,8,11,US
https://openalex.org/A5072281431,Lisa Oswald,https://api.openalex.org/works?filter=author.id:A5072281431,7,16,DE
https://openalex.org/A5050704425,Liwei Shen,https://api.openalex.org/works?filter=author.id:A5050704425,15,50,CN
https://openalex.org/A5057330200,Longqi Yang,https://api.openalex.org/works?filter=author.id:A5057330200,18,73,US
https://openalex.org/A5091158444,Louis M. Chu,https://api.openalex.org/works?filter=author.id:A5091158444,25,102,US
https://openalex.org/A5034406723,Luca Maria Aiello,https://api.openalex.org/works?filter=author.id:A5034406723,36,228,IT
https://openalex.org/A5068819495,Luca Pappalardo,https://api.openalex.org/works?filter=author.id:A5068819495,32,173,IT
https://openalex.org/A5075527094,Luca Verginer,https://api.openalex.org/works?filter=author.id:A5075527094,7,39,CH
https://openalex.org/A5052391231,Lucia Zheng,https://api.openalex.org/works?filter=author.id:A5052391231,6,9,US
https://openalex.org/A5026274355,Lucio La Cava,https://api.openalex.org/works?filter=author.id:A5026274355,5,25,IT
https://openalex.org/A5012591331,Luhang Sun,https://api.openalex.org/works?filter=author.id:A5012591331,4,10,US
https://openalex.org/A5104939473,Luigi Arminio,https://api.openalex.org/works?filter=author.id:A5104939473,1,5,DK
https://openalex.org/A5060488949,Lukas Otto,https://api.openalex.org/works?filter=author.id:A5060488949,15,41,DE
https://openalex.org/A5044944954,Lyle Ungar,https://api.openalex.org/works?filter=author.id:A5044944954,83,628,US
https://openalex.org/A5060778029,Maciej Styczen,https://api.openalex.org/works?filter=author.id:A5060778029,1,2,CH
https://openalex.org/A5068825751,Madison Coots,https://api.openalex.org/works?filter=author.id:A5068825751,3,10,US
https://openalex.org/A5093975982,Mai Alkhamissi,https://api.openalex.org/works?filter=author.id:A5093975982,1,2,N/A
https://openalex.org/A5113036723,Mailun Zhang,https://api.openalex.org/works?filter=author.id:A5113036723,1,2,US
https://openalex.org/A5049395978,Maneesh Arora,https://api.openalex.org/works?filter=author.id:A5049395978,8,22,US
https://openalex.org/A5028790767,Manita Jangid,https://api.openalex.org/works?filter=author.id:A5028790767,3,16,IT
https://openalex.org/A5000836300,Antônio H. Ribeiro,https://api.openalex.org/works?filter=author.id:A5000836300,15,113,SE
https://openalex.org/A5080890144,Maral Abdollahi,https://api.openalex.org/works?filter=author.id:A5080890144,1,6,N/A
https://openalex.org/A5061868864,Marco Tonin,https://api.openalex.org/works?filter=author.id:A5061868864,0,2,DE
https://openalex.org/A5008606959,Maria Elizabeth Grabe,https://api.openalex.org/works?filter=author.id:A5008606959,25,85,US
https://openalex.org/A5004671843,Leonor Maria Pacheco Santos,https://api.openalex.org/works?filter=author.id:A5004671843,37,244,BR
https://openalex.org/A5050735872,Marianne Aubin Le Quéré,https://api.openalex.org/works?filter=author.id:A5050735872,3,15,US
https://openalex.org/A5071385471,Marjan Sadat Hosseini,https://api.openalex.org/works?filter=author.id:A5071385471,13,33,IR
https://openalex.org/A5070124321,Mark Lovett,https://api.openalex.org/works?filter=author.id:A5070124321,2,3,US
https://openalex.org/A5109568719,M B Mets,https://api.openalex.org/works?filter=author.id:A5109568719,16,29,NL
https://openalex.org/A5071422618,Markus Strohmaier,https://api.openalex.org/works?filter=author.id:A5071422618,38,348,DE
https://openalex.org/A5086112254,Marshall Van Alstyne,https://api.openalex.org/works?filter=author.id:A5086112254,42,172,US
https://openalex.org/A5051317739,Martin Bekker,https://api.openalex.org/works?filter=author.id:A5051317739,4,19,ZA
https://openalex.org/A5008805047,Martin Gerlach,https://api.openalex.org/works?filter=author.id:A5008805047,16,65,US
https://openalex.org/A5082294805,Martin Saveski,https://api.openalex.org/works?filter=author.id:A5082294805,11,37,US
https://openalex.org/A5028165426,Mary Elizabeth Sutherland,https://api.openalex.org/works?filter=author.id:A5028165426,7,36,CL
https://openalex.org/A5011732280,Masanori Takano,https://api.openalex.org/works?filter=author.id:A5011732280,8,70,JP
https://openalex.org/A5034468528,Massimiliano Di Luca,https://api.openalex.org/works?filter=author.id:A5034468528,26,162,GB
https://openalex.org/A5001887300,Mateusz Nurek,https://api.openalex.org/works?filter=author.id:A5001887300,2,8,PL
https://openalex.org/A5064171835,Mathias Wullum Nielsen,https://api.openalex.org/works?filter=author.id:A5064171835,22,63,DK
https://openalex.org/A5111264644,Matias Piqueras,https://api.openalex.org/works?filter=author.id:A5111264644,1,1,N/A
https://openalex.org/A5018392096,Matteo Magnani,https://api.openalex.org/works?filter=author.id:A5018392096,29,193,SE
https://openalex.org/A5014041950,Matthew A. Price,https://api.openalex.org/works?filter=author.id:A5014041950,42,336,US
https://openalex.org/A5070356107,Matthew DeVerna,https://api.openalex.org/works?filter=author.id:A5070356107,7,275,BR
https://openalex.org/A5005687694,M. C. Edwards,https://api.openalex.org/works?filter=author.id:A5005687694,39,85,NZ
https://openalex.org/A5042355795,Matthew Groh,https://api.openalex.org/works?filter=author.id:A5042355795,15,61,US
https://openalex.org/A5044261825,Matthew Haruyama,https://api.openalex.org/works?filter=author.id:A5044261825,0,3,JP
https://openalex.org/A5073487056,Matthew VanEseltine,https://api.openalex.org/works?filter=author.id:A5073487056,6,12,US
https://openalex.org/A5031952531,Matthieu Latapy,https://api.openalex.org/works?filter=author.id:A5031952531,30,209,FR
https://openalex.org/A5010879920,Mattia Samory,https://api.openalex.org/works?filter=author.id:A5010879920,13,57,IT
https://openalex.org/A5086308811,Mauro Martinelli,https://api.openalex.org/works?filter=author.id:A5086308811,10,37,IT
https://openalex.org/A5019136836,Max Pellert,https://api.openalex.org/works?filter=author.id:A5019136836,10,23,DE
https://openalex.org/A5019138245,Mingxi M. Song,https://api.openalex.org/works?filter=author.id:A5019138245,3,4,US
https://openalex.org/A5016014168,Maxime Derex,https://api.openalex.org/works?filter=author.id:A5016014168,15,42,FR
https://openalex.org/A5070753993,Maximilian Schich,https://api.openalex.org/works?filter=author.id:A5070753993,9,47,EE
https://openalex.org/A5107545627,Maya Josifovska,https://api.openalex.org/works?filter=author.id:A5107545627,0,1,N/A
https://openalex.org/A5101690189,Md Sanzeed Anwar,https://api.openalex.org/works?filter=author.id:A5101690189,2,8,US
https://openalex.org/A5114125504,Meera J. Desai,https://api.openalex.org/works?filter=author.id:A5114125504,9,12,US
https://openalex.org/A5024130598,Megan E. L. Brown,https://api.openalex.org/works?filter=author.id:A5024130598,16,101,GB
https://openalex.org/A5067288003,MEHMET FUAT KINA,https://api.openalex.org/works?filter=author.id:A5067288003,1,9,TR
https://openalex.org/A5100714698,Meiling Li,https://api.openalex.org/works?filter=author.id:A5100714698,28,151,CN
https://openalex.org/A5093136190,Melih Can Yardı,https://api.openalex.org/works?filter=author.id:A5093136190,1,6,TR
https://openalex.org/A5070019023,Mengyi Sun,https://api.openalex.org/works?filter=author.id:A5070019023,11,34,FI
https://openalex.org/A5009735497,Michael Bailey,https://api.openalex.org/works?filter=author.id:A5009735497,113,1212,AU
https://openalex.org/A5091142592,Michael Guerzhoy,https://api.openalex.org/works?filter=author.id:A5091142592,5,41,CA
https://openalex.org/A5021327158,Michal Monselise,https://api.openalex.org/works?filter=author.id:A5021327158,5,14,US
https://openalex.org/A5014989262,Michał Czuba,https://api.openalex.org/works?filter=author.id:A5014989262,3,44,PL
https://openalex.org/A5059787882,Michele Tizzoni,https://api.openalex.org/works?filter=author.id:A5059787882,30,115,IT
https://openalex.org/A5057083249,Michelle Vaccaro,https://api.openalex.org/works?filter=author.id:A5057083249,3,8,US
https://openalex.org/A5076145498,Miftahul Jannat Mokarrama,https://api.openalex.org/works?filter=author.id:A5076145498,4,6,BD
https://openalex.org/A5024307786,Miho Tanaka,https://api.openalex.org/works?filter=author.id:A5024307786,35,273,JP
https://openalex.org/A5027414437,Mikaela Irene Fudolig,https://api.openalex.org/works?filter=author.id:A5027414437,5,32,US
https://openalex.org/A5103487462,M. Tamm,https://api.openalex.org/works?filter=author.id:A5103487462,34,189,EE
https://openalex.org/A5012681383,Mila Oiva,https://api.openalex.org/works?filter=author.id:A5012681383,5,41,EE
https://openalex.org/A5069791094,Milena Tsvetkova,https://api.openalex.org/works?filter=author.id:A5069791094,12,68,GB
https://openalex.org/A5078442658,Milo Z. Trujillo,https://api.openalex.org/works?filter=author.id:A5078442658,7,27,US
https://openalex.org/A5109187560,Xiao-Ming Yin,https://api.openalex.org/works?filter=author.id:A5109187560,64,101,US
https://openalex.org/A5100376896,Minghui Wang,https://api.openalex.org/works?filter=author.id:A5100376896,63,432,CN
https://openalex.org/A5078030567,Mingshan Jia,https://api.openalex.org/works?filter=author.id:A5078030567,4,13,AU
https://openalex.org/A5114526119,Mingyue Zha,https://api.openalex.org/works?filter=author.id:A5114526119,0,5,GB
https://openalex.org/A5015755413,Minje Choi,https://api.openalex.org/works?filter=author.id:A5015755413,8,20,KR
https://openalex.org/A5055692093,Min Suk Kim,https://api.openalex.org/works?filter=author.id:A5055692093,76,906,KR
https://openalex.org/A5071165387,Mirta Galešić,https://api.openalex.org/works?filter=author.id:A5071165387,44,192,AT
https://openalex.org/A5043131201,Misha Teplitskiy,https://api.openalex.org/works?filter=author.id:A5043131201,11,49,US
https://openalex.org/A5063652311,Mitsuo Yoshida,https://api.openalex.org/works?filter=author.id:A5063652311,29,379,JP
https://openalex.org/A5024893666,Masahiro Sakai,https://api.openalex.org/works?filter=author.id:A5024893666,23,238,JP
https://openalex.org/A5027814433,Mohammed Alsobay,https://api.openalex.org/works?filter=author.id:A5027814433,3,12,US
https://openalex.org/A5010053907,Mohsen Bahrami,https://api.openalex.org/works?filter=author.id:A5010053907,16,29,IR
https://openalex.org/A5052536455,Mohsen Mosleh,https://api.openalex.org/works?filter=author.id:A5052536455,25,100,US
https://openalex.org/A5075302056,Mona Sloane,https://api.openalex.org/works?filter=author.id:A5075302056,9,50,US
https://openalex.org/A5012787401,Morgan R. Frank,https://api.openalex.org/works?filter=author.id:A5012787401,18,61,US
https://openalex.org/A5069053848,Moritz Willig,https://api.openalex.org/works?filter=author.id:A5069053848,3,12,DE
https://openalex.org/A5109273952,Müge Finkel,https://api.openalex.org/works?filter=author.id:A5109273952,2,5,US
https://openalex.org/A5072811626,Muhammad Ehab Rasul,https://api.openalex.org/works?filter=author.id:A5072811626,5,11,US
https://openalex.org/A5073249931,Muhammad ElNokrashy,https://api.openalex.org/works?filter=author.id:A5073249931,3,21,DE
https://openalex.org/A5102962995,Munmun De Choudhury,https://api.openalex.org/works?filter=author.id:A5102962995,60,276,US
https://openalex.org/A5100379084,Myeong Soo Lee,https://api.openalex.org/works?filter=author.id:A5100379084,72,970,KR
https://openalex.org/A5012939002,Myra Cheng,https://api.openalex.org/works?filter=author.id:A5012939002,7,22,
https://openalex.org/A5036794290,Márton Rakovics,https://api.openalex.org/works?filter=author.id:A5036794290,5,21,HU
https://openalex.org/A5015797850,Nabeel Gillani,https://api.openalex.org/works?filter=author.id:A5015797850,10,37,US
https://openalex.org/A5091097798,Naifu Zhang,https://api.openalex.org/works?filter=author.id:A5091097798,10,43,CN
https://openalex.org/A5081967253,Naim Bro,https://api.openalex.org/works?filter=author.id:A5081967253,5,17,CL
https://openalex.org/A5000474356,Nan Cao,https://api.openalex.org/works?filter=author.id:A5000474356,39,201,FI
https://openalex.org/A5021621511,Mayukh Banerjee,https://api.openalex.org/works?filter=author.id:A5021621511,22,68,US
https://openalex.org/A5028670112,Nanxi Liu,https://api.openalex.org/works?filter=author.id:A5028670112,3,5,CN
https://openalex.org/A5087293181,Natalie Schroyens,https://api.openalex.org/works?filter=author.id:A5087293181,9,35,BE
https://openalex.org/A5081248593,Natascha Just,https://api.openalex.org/works?filter=author.id:A5081248593,17,119,CH
https://openalex.org/A5066288697,Nathan Bartley,https://api.openalex.org/works?filter=author.id:A5066288697,6,16,US
https://openalex.org/A5010564893,Nathan TeBlunthuis,https://api.openalex.org/works?filter=author.id:A5010564893,6,53,US
https://openalex.org/A5087854473,Negar Kamali,https://api.openalex.org/works?filter=author.id:A5087854473,5,11,MA
https://openalex.org/A5062663565,Majid Elahi Shirvan,https://api.openalex.org/works?filter=author.id:A5062663565,23,99,IR
https://openalex.org/A5088363723,Neha Kumar,https://api.openalex.org/works?filter=author.id:A5088363723,32,173,US
https://openalex.org/A5062168541,Neil Fasching,https://api.openalex.org/works?filter=author.id:A5062168541,4,10,US
https://openalex.org/A5038367813,Neil Sehgal,https://api.openalex.org/works?filter=author.id:A5038367813,13,34,US
https://openalex.org/A5064735018,Niccolò Pescetelli,https://api.openalex.org/works?filter=author.id:A5064735018,11,57,US
https://openalex.org/A5084896543,Nichola Raihani,https://api.openalex.org/works?filter=author.id:A5084896543,39,168,NZ
https://openalex.org/A5011588754,Nicholas LaBerge,https://api.openalex.org/works?filter=author.id:A5011588754,4,19,US
https://openalex.org/A5090115852,Niklas Stoehr,https://api.openalex.org/works?filter=author.id:A5090115852,10,62,CH
https://openalex.org/A5074372343,Nobuhito Abe,https://api.openalex.org/works?filter=author.id:A5074372343,27,137,JP
https://openalex.org/A5075283583,Noshir Contractor,https://api.openalex.org/works?filter=author.id:A5075283583,48,354,US
https://openalex.org/A5013727792,Nuria Oliver,https://api.openalex.org/works?filter=author.id:A5013727792,53,267,
https://openalex.org/A5011919726,Oren Tsur,https://api.openalex.org/works?filter=author.id:A5011919726,15,60,IL
https://openalex.org/A5011604176,Ozan Kuru,https://api.openalex.org/works?filter=author.id:A5011604176,11,36,SG
https://openalex.org/A5093136192,Oğuz Gürerk,https://api.openalex.org/works?filter=author.id:A5093136192,1,6,TR
https://openalex.org/A5099282549,Pamela Osseyi,https://api.openalex.org/works?filter=author.id:A5099282549,1,1,N/A
https://openalex.org/A5029925982,Pan Hui,https://api.openalex.org/works?filter=author.id:A5029925982,58,567,FI
https://openalex.org/A5082283204,Panayiotis Smeros,https://api.openalex.org/works?filter=author.id:A5082283204,6,20,CH
https://openalex.org/A5063223563,Paramveer S. Dhillon,https://api.openalex.org/works?filter=author.id:A5063223563,17,69,US
https://openalex.org/A5034327826,Patrick Park,https://api.openalex.org/works?filter=author.id:A5034327826,8,41,CA
https://openalex.org/A5070544413,Pelin Bicen,https://api.openalex.org/works?filter=author.id:A5070544413,10,45,US
https://openalex.org/A5077228817,Peter N. Dodds,https://api.openalex.org/works?filter=author.id:A5077228817,69,268,AU
https://openalex.org/A5046955571,Peter Meylakhs,https://api.openalex.org/works?filter=author.id:A5046955571,12,33,RU
https://openalex.org/A5079517520,Petter Holme,https://api.openalex.org/works?filter=author.id:A5079517520,52,271,FI
https://openalex.org/A5107825540,Philippe Desprès,https://api.openalex.org/works?filter=author.id:A5107825540,45,80,RE
https://openalex.org/A5022573878,Piotr Bródka,https://api.openalex.org/works?filter=author.id:A5022573878,25,142,PL
https://openalex.org/A5033574079,Piotr Sapieżyński,https://api.openalex.org/works?filter=author.id:A5033574079,20,63,US
https://openalex.org/A5022638781,Pranav Goel,https://api.openalex.org/works?filter=author.id:A5022638781,7,40,US
https://openalex.org/A5100680948,Sudhir Kumar,https://api.openalex.org/works?filter=author.id:A5100680948,78,633,IN
https://openalex.org/A5049106181,Preetha Chatterjee,https://api.openalex.org/works?filter=author.id:A5049106181,8,36,US
https://openalex.org/A5061941192,Priyanka Goonetilleke,https://api.openalex.org/works?filter=author.id:A5061941192,2,5,US
https://openalex.org/A5029762841,Jiaqi Wang,https://api.openalex.org/works?filter=author.id:A5029762841,80,3040,CN
https://openalex.org/A5100650085,Qi Yang,https://api.openalex.org/works?filter=author.id:A5100650085,88,454,CN
https://openalex.org/A5037093270,Qiankun Zhong,https://api.openalex.org/works?filter=author.id:A5037093270,6,20,US
https://openalex.org/A5014658095,Guoqing Guan,https://api.openalex.org/works?filter=author.id:A5014658095,75,623,JP
https://openalex.org/A5053550738,Qingxing Dong,https://api.openalex.org/works?filter=author.id:A5053550738,10,19,CN
https://openalex.org/A5054806059,Qiusi Sun,https://api.openalex.org/works?filter=author.id:A5054806059,6,8,US
https://openalex.org/A5060905224,Rachel Kornfield,https://api.openalex.org/works?filter=author.id:A5060905224,26,93,US
https://openalex.org/A5010544062,Rachith Aiyappa,https://api.openalex.org/works?filter=author.id:A5010544062,2,4,US
https://openalex.org/A5089195241,Radosław Michalski,https://api.openalex.org/works?filter=author.id:A5089195241,19,70,PL
https://openalex.org/A5068556395,Ralph Hertwig,https://api.openalex.org/works?filter=author.id:A5068556395,76,586,DE
https://openalex.org/A5067625837,Ralph Schroeder,https://api.openalex.org/works?filter=author.id:A5067625837,45,285,GB
https://openalex.org/A5092418418,Ramtin Ehsani,https://api.openalex.org/works?filter=author.id:A5092418418,2,11,US
https://openalex.org/A5032620634,Ravi Shroff,https://api.openalex.org/works?filter=author.id:A5032620634,13,39,US
https://openalex.org/A5106163755,Rebecca Auger,https://api.openalex.org/works?filter=author.id:A5106163755,0,1,N/A
https://openalex.org/A5015843011,Reed Orchinik,https://api.openalex.org/works?filter=author.id:A5015843011,3,13,US
https://openalex.org/A5047810054,Renzhe Yu,https://api.openalex.org/works?filter=author.id:A5047810054,11,40,US
https://openalex.org/A5067816317,Renée DiResta,https://api.openalex.org/works?filter=author.id:A5067816317,15,54,US
https://openalex.org/A5059223686,Riccardo Gallotti,https://api.openalex.org/works?filter=author.id:A5059223686,19,80,IT
https://openalex.org/A5051794103,Richard McElreath,https://api.openalex.org/works?filter=author.id:A5051794103,54,259,DE
https://openalex.org/A5106987178,Rikuei Kaku,https://api.openalex.org/works?filter=author.id:A5106987178,0,1,JP
https://openalex.org/A5084047654,Riley Tucker,https://api.openalex.org/works?filter=author.id:A5084047654,15,109,US
https://openalex.org/A5059645286,Robert West,https://api.openalex.org/works?filter=author.id:A5059645286,130,2611,NL
https://openalex.org/A5056242621,Roberta Sinatra,https://api.openalex.org/works?filter=author.id:A5056242621,28,85,DK
https://openalex.org/A5110770632,Roberto Rigobón,https://api.openalex.org/works?filter=author.id:A5110770632,56,263,US
https://openalex.org/A5028627503,Robin Wooyeong Na,https://api.openalex.org/works?filter=author.id:A5028627503,1,2,KR
https://openalex.org/A5047497228,Rodrigo Plaza-Pedroche,https://api.openalex.org/works?filter=author.id:A5047497228,5,17,ES
https://openalex.org/A5091998606,Rojin Ziaei,https://api.openalex.org/works?filter=author.id:A5091998606,2,7,US
https://openalex.org/A5007612664,Roman Kyrychenko,https://api.openalex.org/works?filter=author.id:A5007612664,2,4,FI
https://openalex.org/A5114730085,Rongxin Ouyang,https://api.openalex.org/works?filter=author.id:A5114730085,0,1,N/A
https://openalex.org/A5065017215,Zhang Ru-kun,https://api.openalex.org/works?filter=author.id:A5065017215,3,19,CN
https://openalex.org/A5000667648,Rongqin Huang,https://api.openalex.org/works?filter=author.id:A5000667648,41,112,CN
https://openalex.org/A5065387784,Ryan McGrady,https://api.openalex.org/works?filter=author.id:A5065387784,5,12,US
https://openalex.org/A5002511145,Ryan Smith,https://api.openalex.org/works?filter=author.id:A5002511145,39,325,US
https://openalex.org/A5044470378,Ryan Whalen,https://api.openalex.org/works?filter=author.id:A5044470378,9,57,HK
https://openalex.org/A5034758042,R. Adachi,https://api.openalex.org/works?filter=author.id:A5034758042,10,143,CA
https://openalex.org/A5016665259,Ryo Sasaki,https://api.openalex.org/works?filter=author.id:A5016665259,22,200,JP
https://openalex.org/A5046305810,Sabina Tomkins,https://api.openalex.org/works?filter=author.id:A5046305810,7,34,US
https://openalex.org/A5087795032,Sadamori Kojaku,https://api.openalex.org/works?filter=author.id:A5087795032,10,34,US
https://openalex.org/A5007254252,Rajesh Sagar,https://api.openalex.org/works?filter=author.id:A5007254252,84,556,IN
https://openalex.org/A5038884124,Sally Hang,https://api.openalex.org/works?filter=author.id:A5038884124,5,10,US
https://openalex.org/A5081749318,Saloni Dash,https://api.openalex.org/works?filter=author.id:A5081749318,8,33,US
https://openalex.org/A5029821479,Salvatore Giorgi,https://api.openalex.org/works?filter=author.id:A5029821479,21,129,US
https://openalex.org/A5063166187,Sam G. B. Roberts,https://api.openalex.org/works?filter=author.id:A5063166187,22,76,GB
https://openalex.org/A5038991027,Sam J. Maglio,https://api.openalex.org/works?filter=author.id:A5038991027,21,70,CA
https://openalex.org/A5106055665,Sam Wolken,https://api.openalex.org/works?filter=author.id:A5106055665,1,1,N/A
https://openalex.org/A5061970875,Sam Zhang,https://api.openalex.org/works?filter=author.id:A5061970875,68,645,CN
https://openalex.org/A5103221858,Stephen Phillips,https://api.openalex.org/works?filter=author.id:A5103221858,15,377,US
https://openalex.org/A5020790791,Samar Haider,https://api.openalex.org/works?filter=author.id:A5020790791,3,7,US
https://openalex.org/A5075585231,Samuel P. Fraiberger,https://api.openalex.org/works?filter=author.id:A5075585231,14,50,US
https://openalex.org/A5074144967,Samuel Thomas Donahue,https://api.openalex.org/works?filter=author.id:A5074144967,2,3,US
https://openalex.org/A5023405697,Sangpil Youm,https://api.openalex.org/works?filter=author.id:A5023405697,2,4,US
https://openalex.org/A5001591540,Sang-Yeon Kim,https://api.openalex.org/works?filter=author.id:A5001591540,12,57,KR
https://openalex.org/A5038043083,Sanja Šćepanović,https://api.openalex.org/works?filter=author.id:A5038043083,11,87,GB
https://openalex.org/A5039712245,Sanjay Kairam,https://api.openalex.org/works?filter=author.id:A5039712245,13,25,US
https://openalex.org/A5076316802,Oluwasanmi Koyejo,https://api.openalex.org/works?filter=author.id:A5076316802,26,198,US
https://openalex.org/A5053938061,Santo Fortunato,https://api.openalex.org/works?filter=author.id:A5053938061,58,208,US
https://openalex.org/A5068201653,Sara Bonati,https://api.openalex.org/works?filter=author.id:A5068201653,7,42,IT
https://openalex.org/A5081361660,Sarah Bana,https://api.openalex.org/works?filter=author.id:A5081361660,8,18,US
https://openalex.org/A5053640148,Sarah Shugars,https://api.openalex.org/works?filter=author.id:A5053640148,8,30,US
https://openalex.org/A5102780534,Sarah Valdez,https://api.openalex.org/works?filter=author.id:A5102780534,10,145,AE
https://openalex.org/A5074089902,Saskia de Pee,https://api.openalex.org/works?filter=author.id:A5074089902,49,230,IT
https://openalex.org/A5103175261,Sathish Gopalakrishnan,https://api.openalex.org/works?filter=author.id:A5103175261,18,89,CA
https://openalex.org/A5070072188,Saumya Tripathi,https://api.openalex.org/works?filter=author.id:A5070072188,4,15,US
https://openalex.org/A5021142594,Sayuri Kohmura,https://api.openalex.org/works?filter=author.id:A5021142594,2,8,JP
https://openalex.org/A5097398930,Sean Noh,https://api.openalex.org/works?filter=author.id:A5097398930,0,6,GB
https://openalex.org/A5040957572,Sebastian Stier,https://api.openalex.org/works?filter=author.id:A5040957572,25,104,DE
https://openalex.org/A5067206551,Sebastiano Bontorin,https://api.openalex.org/works?filter=author.id:A5067206551,3,11,IT
https://openalex.org/A5089352715,Sebastián Felipe Villamizar-Santamaría,https://api.openalex.org/works?filter=author.id:A5089352715,4,20,US
https://openalex.org/A5063612283,Segun Taofeek Aroyehun,https://api.openalex.org/works?filter=author.id:A5063612283,7,28,DE
https://openalex.org/A5093751418,Seonbin Jo,https://api.openalex.org/works?filter=author.id:A5093751418,1,2,KR
https://openalex.org/A5111056470,S. M. Noh,https://api.openalex.org/works?filter=author.id:A5111056470,4,6,SG
https://openalex.org/A5066476974,Seoul Lee,https://api.openalex.org/works?filter=author.id:A5066476974,20,114,KR
https://openalex.org/A5060246883,Sepideh Khalafi,https://api.openalex.org/works?filter=author.id:A5060246883,3,4,IR
https://openalex.org/A5046445911,Serina Chang,https://api.openalex.org/works?filter=author.id:A5046445911,9,27,US
https://openalex.org/A5017748876,Seulki Kang,https://api.openalex.org/works?filter=author.id:A5017748876,12,19,KR
https://openalex.org/A5012092057,Rezvaneh Rezapour,https://api.openalex.org/works?filter=author.id:A5012092057,9,57,US
https://openalex.org/A5030047353,Shagun Jhaver,https://api.openalex.org/works?filter=author.id:A5030047353,16,41,NL
https://openalex.org/A5088248579,Shahan Ali Memon,https://api.openalex.org/works?filter=author.id:A5088248579,7,30,US
https://openalex.org/A5113373189,Shambhobi Bhattacharya,https://api.openalex.org/works?filter=author.id:A5113373189,0,1,N/A
https://openalex.org/A5005442951,Shanglin Yang,https://api.openalex.org/works?filter=author.id:A5005442951,9,59,CN
https://openalex.org/A5027036879,Sharad Goel,https://api.openalex.org/works?filter=author.id:A5027036879,39,244,US
https://openalex.org/A5010646067,Sharath Chandra Guntuku,https://api.openalex.org/works?filter=author.id:A5010646067,32,170,US
https://openalex.org/A5011833635,Shaz Furniturewala,https://api.openalex.org/works?filter=author.id:A5011833635,1,14,IN
https://openalex.org/A5030406488,Shelby Grossman,https://api.openalex.org/works?filter=author.id:A5030406488,8,77,US
https://openalex.org/A5101761867,Shengchun Huang,https://api.openalex.org/works?filter=author.id:A5101761867,8,21,CN
https://openalex.org/A5023898973,Shiyang Lai,https://api.openalex.org/works?filter=author.id:A5023898973,3,12,US
https://openalex.org/A5024378198,Shreya Havaldar,https://api.openalex.org/works?filter=author.id:A5024378198,8,21,US
https://openalex.org/A5076638374,Shun Kishimoto,https://api.openalex.org/works?filter=author.id:A5076638374,19,120,US
https://openalex.org/A5102624520,Shuyan Zhan,https://api.openalex.org/works?filter=author.id:A5102624520,2,3,N/A
https://openalex.org/A5051257652,Siddharth Suri,https://api.openalex.org/works?filter=author.id:A5051257652,37,101,US
https://openalex.org/A5050252738,Siddhartha Sen,https://api.openalex.org/works?filter=author.id:A5050252738,23,274,US
https://openalex.org/A5110702582,Sidney Redner,https://api.openalex.org/works?filter=author.id:A5110702582,22,117,US
https://openalex.org/A5097713744,Sidney Xiang,https://api.openalex.org/works?filter=author.id:A5097713744,0,1,US
https://openalex.org/A5033847936,Sijia Qian,https://api.openalex.org/works?filter=author.id:A5033847936,8,19,CN
https://openalex.org/A5027112658,Sijia Yang,https://api.openalex.org/works?filter=author.id:A5027112658,16,75,CN
https://openalex.org/A5059509038,Silvia Giordano,https://api.openalex.org/works?filter=author.id:A5059509038,74,551,IT
https://openalex.org/A5077712228,Simon A. Levin,https://api.openalex.org/works?filter=author.id:A5077712228,141,993,US
https://openalex.org/A5017040952,Simone Centellegher,https://api.openalex.org/works?filter=author.id:A5017040952,5,25,IT
https://openalex.org/A5054738619,Smitha Muthya Sudheendra,https://api.openalex.org/works?filter=author.id:A5054738619,1,3,US
https://openalex.org/A5027180117,Sofia Eleni Spatharioti,https://api.openalex.org/works?filter=author.id:A5027180117,3,15,US
https://openalex.org/A5036322364,Soham De,https://api.openalex.org/works?filter=author.id:A5036322364,24,92,IN
https://openalex.org/A5042418453,Sonia Jaffe,https://api.openalex.org/works?filter=author.id:A5042418453,13,51,US
https://openalex.org/A5084189449,Sono Shah,https://api.openalex.org/works?filter=author.id:A5084189449,6,22,US
https://openalex.org/A5068960692,Soroush Saghafian,https://api.openalex.org/works?filter=author.id:A5068960692,21,111,US
https://openalex.org/A5002073039,Sou Hyun Jang,https://api.openalex.org/works?filter=author.id:A5002073039,11,69,KR
https://openalex.org/A5012692869,Soubhik Barari,https://api.openalex.org/works?filter=author.id:A5012692869,4,37,US
https://openalex.org/A5093974031,Soumna Nema,https://api.openalex.org/works?filter=author.id:A5093974031,1,1,N/A
https://openalex.org/A5049055881,Sourav Medya,https://api.openalex.org/works?filter=author.id:A5049055881,10,70,US
https://openalex.org/A5028851796,Spencer Caplan,https://api.openalex.org/works?filter=author.id:A5028851796,4,18,US
https://openalex.org/A5008439962,Stefan M. Herzog,https://api.openalex.org/works?filter=author.id:A5008439962,26,124,DE
https://openalex.org/A5011455638,Stefania Ionescu,https://api.openalex.org/works?filter=author.id:A5011455638,2,10,CH
https://openalex.org/A5066048702,Stefano Balietti,https://api.openalex.org/works?filter=author.id:A5066048702,14,39,DE
https://openalex.org/A5017914184,Stephan Lewandowsky,https://api.openalex.org/works?filter=author.id:A5017914184,86,587,GB
https://openalex.org/A5101922300,Stephanie Wang,https://api.openalex.org/works?filter=author.id:A5101922300,11,69,US
https://openalex.org/A5061935602,Steve Rathje,https://api.openalex.org/works?filter=author.id:A5061935602,23,66,US
https://openalex.org/A5098732389,Steven Lauterwasser,https://api.openalex.org/works?filter=author.id:A5098732389,0,1,US
https://openalex.org/A5041252321,Stuart Soroka,https://api.openalex.org/works?filter=author.id:A5041252321,55,282,US
https://openalex.org/A5067134501,Subhayan Mukerjee,https://api.openalex.org/works?filter=author.id:A5067134501,8,29,SG
https://openalex.org/A5046944655,Sang‐Ho Yoo,https://api.openalex.org/works?filter=author.id:A5046944655,43,211,KR
https://openalex.org/A5102971731,Suhyoung Choi,https://api.openalex.org/works?filter=author.id:A5102971731,14,99,KR
https://openalex.org/A5070251006,Suining He,https://api.openalex.org/works?filter=author.id:A5070251006,27,85,US
https://openalex.org/A5036233384,Sumeet Gulati,https://api.openalex.org/works?filter=author.id:A5036233384,16,59,CA
https://openalex.org/A5015080044,Sune Lehmann,https://api.openalex.org/works?filter=author.id:A5015080044,43,213,DK
https://openalex.org/A5014435955,Sunny Rai,https://api.openalex.org/works?filter=author.id:A5014435955,7,40,US
https://openalex.org/A5001211242,Susan Athey,https://api.openalex.org/works?filter=author.id:A5001211242,69,473,US
https://openalex.org/A5080791781,Susan T. Fiske,https://api.openalex.org/works?filter=author.id:A5080791781,123,589,US
https://openalex.org/A5012197691,Susumu Nagayama,https://api.openalex.org/works?filter=author.id:A5012197691,5,5,JP
https://openalex.org/A5093939668,Svetlana Churina,https://api.openalex.org/works?filter=author.id:A5093939668,0,3,N/A
https://openalex.org/A5113057237,Swapneel S Mehta,https://api.openalex.org/works?filter=author.id:A5113057237,0,1,N/A
https://openalex.org/A5033787208,Sze-Yuh Nina Wang,https://api.openalex.org/works?filter=author.id:A5033787208,4,8,US
https://openalex.org/A5087900468,Taegyoon Kim,https://api.openalex.org/works?filter=author.id:A5087900468,2,4,KR
https://openalex.org/A5112199656,T.S. You,https://api.openalex.org/works?filter=author.id:A5112199656,6,10,CN
https://openalex.org/A5046908604,Taha Yasseri,https://api.openalex.org/works?filter=author.id:A5046908604,28,176,IE
https://openalex.org/A5110823458,Taichi Murayama,https://api.openalex.org/works?filter=author.id:A5110823458,9,20,JP
https://openalex.org/A5075756309,Takahiro Yabe,https://api.openalex.org/works?filter=author.id:A5075756309,19,91,US
https://openalex.org/A5010318820,Takayuki Mizuno,https://api.openalex.org/works?filter=author.id:A5010318820,29,227,JP
https://openalex.org/A5083467883,Takehiko MURAI,https://api.openalex.org/works?filter=author.id:A5083467883,1,1,N/A
https://openalex.org/A5032369426,Takeshi Sakaki,https://api.openalex.org/works?filter=author.id:A5032369426,12,67,JP
https://openalex.org/A5007282319,Talal Rahwan,https://api.openalex.org/works?filter=author.id:A5007282319,32,167,US
https://openalex.org/A5099509706,Talia Stroud,https://api.openalex.org/works?filter=author.id:A5099509706,0,1,N/A
https://openalex.org/A5052644159,Tanya Y. Tian,https://api.openalex.org/works?filter=author.id:A5052644159,2,3,US
https://openalex.org/A5005262703,Tara Sowrirajan,https://api.openalex.org/works?filter=author.id:A5005262703,3,6,US
https://openalex.org/A5020702662,Tasuku Igarashi,https://api.openalex.org/works?filter=author.id:A5020702662,12,80,JP
https://openalex.org/A5066733214,Tauhid Zaman,https://api.openalex.org/works?filter=author.id:A5066733214,20,84,US
https://openalex.org/A5044033735,Theo Araujo,https://api.openalex.org/works?filter=author.id:A5044033735,26,111,NL
https://openalex.org/A5028493599,Thomas Müller,https://api.openalex.org/works?filter=author.id:A5028493599,11,50,FR
https://openalex.org/A5079825006,Thomas W. Malone,https://api.openalex.org/works?filter=author.id:A5079825006,60,245,US
https://openalex.org/A5085986638,Tiago Ventura,https://api.openalex.org/works?filter=author.id:A5085986638,9,52,US
https://openalex.org/A5065295188,Yang Tian,https://api.openalex.org/works?filter=author.id:A5065295188,63,450,CN
https://openalex.org/A5102448448,Tianyu Du,https://api.openalex.org/works?filter=author.id:A5102448448,19,84,CN
https://openalex.org/A5093329780,Tim Faverjon,https://api.openalex.org/works?filter=author.id:A5093329780,0,3,FR
https://openalex.org/A5055160277,Timothy G. Dorr,https://api.openalex.org/works?filter=author.id:A5055160277,2,10,NL
https://openalex.org/A5003680815,Tina Law,https://api.openalex.org/works?filter=author.id:A5003680815,4,17,US
https://openalex.org/A5100442044,Tingting Liu,https://api.openalex.org/works?filter=author.id:A5100442044,45,420,CN
https://openalex.org/A5071586190,Tiziano Piccardi,https://api.openalex.org/works?filter=author.id:A5071586190,9,56,US
https://openalex.org/A5039540205,Tobias Gerstenberg,https://api.openalex.org/works?filter=author.id:A5039540205,28,151,US
https://openalex.org/A5081725440,Tobias Schmidt,https://api.openalex.org/works?filter=author.id:A5081725440,35,84,CH
https://openalex.org/A5027450101,Tobin South,https://api.openalex.org/works?filter=author.id:A5027450101,3,31,US
https://openalex.org/A5084073809,Tolga Etgü,https://api.openalex.org/works?filter=author.id:A5084073809,8,39,KZ
https://openalex.org/A5077079119,Thomas L. Griffiths,https://api.openalex.org/works?filter=author.id:A5077079119,96,764,US
https://openalex.org/A5033208803,Tom Theile,https://api.openalex.org/works?filter=author.id:A5033208803,5,18,DE
https://openalex.org/A5099111335,T. D. Wilson,https://api.openalex.org/works?filter=author.id:A5099111335,53,665,SE
https://openalex.org/A5075417449,Tomohiro Murakami,https://api.openalex.org/works?filter=author.id:A5075417449,17,125,JP
https://openalex.org/A5103874297,Tomonori Takahashi,https://api.openalex.org/works?filter=author.id:A5103874297,10,42,US
https://openalex.org/A5004836032,Tong Lin,https://api.openalex.org/works?filter=author.id:A5004836032,76,335,CN
https://openalex.org/A5101799446,Toru Takahashi,https://api.openalex.org/works?filter=author.id:A5101799446,44,384,JP
https://openalex.org/A5059305420,Toshio Murase,https://api.openalex.org/works?filter=author.id:A5059305420,41,230,JP
https://openalex.org/A5100767447,Minh Đức Lê,https://api.openalex.org/works?filter=author.id:A5100767447,41,259,VN
https://openalex.org/A5008373524,Trisevgeni Papakonstantinou,https://api.openalex.org/works?filter=author.id:A5008373524,3,14,GB
https://openalex.org/A5057805246,Tristram J. Alexander,https://api.openalex.org/works?filter=author.id:A5057805246,25,113,AU
https://openalex.org/A5003660402,Tyler Simko,https://api.openalex.org/works?filter=author.id:A5003660402,7,88,US
https://openalex.org/A5093108990,Una Joh,https://api.openalex.org/works?filter=author.id:A5093108990,1,1,US
https://openalex.org/A5030115153,Unchitta Kan,https://api.openalex.org/works?filter=author.id:A5030115153,2,10,US
https://openalex.org/A5077807993,Upasana Dutta,https://api.openalex.org/works?filter=author.id:A5077807993,1,2,N/A
https://openalex.org/A5003768044,Valentín Vergara Hidd,https://api.openalex.org/works?filter=author.id:A5003768044,1,3,US
https://openalex.org/A5067073060,Valerie Hase,https://api.openalex.org/works?filter=author.id:A5067073060,10,45,DE
https://openalex.org/A5000013234,Valerii Chirkov,https://api.openalex.org/works?filter=author.id:A5000013234,3,6,DE
https://openalex.org/A5116054024,Vanessa Gaete,https://api.openalex.org/works?filter=author.id:A5116054024,0,1,N/A
https://openalex.org/A5027872607,Vasileios Maltezos,https://api.openalex.org/works?filter=author.id:A5027872607,1,2,FI
https://openalex.org/A5048176602,Vedran Sekara,https://api.openalex.org/works?filter=author.id:A5048176602,11,40,DK
https://openalex.org/A5047584056,Veniamin Veselovsky,https://api.openalex.org/works?filter=author.id:A5047584056,4,22,CH
https://openalex.org/A5049240073,Vicky Chuqiao Yang,https://api.openalex.org/works?filter=author.id:A5049240073,7,41,US
https://openalex.org/A5109541170,V. Vasudevan,https://api.openalex.org/works?filter=author.id:A5109541170,7,26,US
https://openalex.org/A5044191812,Vinícius Andrade Brei,https://api.openalex.org/works?filter=author.id:A5044191812,14,63,BR
https://openalex.org/A5091751818,Volker Stocker,https://api.openalex.org/works?filter=author.id:A5091751818,8,73,DE
https://openalex.org/A5106007206,Vrushali Koli,https://api.openalex.org/works?filter=author.id:A5106007206,0,1,N/A
https://openalex.org/A5068785814,Wakaba Tateishi,https://api.openalex.org/works?filter=author.id:A5068785814,0,2,JP
https://openalex.org/A5026276193,Wanying Zhao,https://api.openalex.org/works?filter=author.id:A5026276193,5,25,CZ
https://openalex.org/A5027145422,Weizhong Li,https://api.openalex.org/works?filter=author.id:A5027145422,50,231,US
https://openalex.org/A5080575294,Weijie Su,https://api.openalex.org/works?filter=author.id:A5080575294,35,256,CN
https://openalex.org/A5102800569,Wenrui Huang,https://api.openalex.org/works?filter=author.id:A5102800569,35,218,US
https://openalex.org/A5101932298,Wenxuan Huang,https://api.openalex.org/works?filter=author.id:A5101932298,24,51,CN
https://openalex.org/A5063436262,B.W. McBride,https://api.openalex.org/works?filter=author.id:A5063436262,61,298,US
https://openalex.org/A5020827468,Warren Hogan,https://api.openalex.org/works?filter=author.id:A5020827468,14,169,AU
https://openalex.org/A5108156362,WILLIAM SCHULZ,https://api.openalex.org/works?filter=author.id:A5108156362,5,198,US
https://openalex.org/A5100638533,Won‐Jae Lee,https://api.openalex.org/works?filter=author.id:A5100638533,64,343,KR
https://openalex.org/A5100329996,Xi Chen,https://api.openalex.org/works?filter=author.id:A5100329996,102,2094,HK
https://openalex.org/A5084195072,Zheng Xiang,https://api.openalex.org/works?filter=author.id:A5084195072,42,197,CN
https://openalex.org/A5100410733,Xiaohui Wang,https://api.openalex.org/works?filter=author.id:A5100410733,67,607,CN
https://openalex.org/A5019917525,Xiaomeng Xiong,https://api.openalex.org/works?filter=author.id:A5019917525,0,2,CN
https://openalex.org/A5033136366,Xiaoqin Yan,https://api.openalex.org/works?filter=author.id:A5033136366,40,100,CN
https://openalex.org/A5032499168,Xiaoyu Qi,https://api.openalex.org/works?filter=author.id:A5032499168,12,87,CN
https://openalex.org/A5086358285,Xinglong Wu,https://api.openalex.org/works?filter=author.id:A5086358285,54,289,CN
https://openalex.org/A5040250751,Xingyun Wu,https://api.openalex.org/works?filter=author.id:A5040250751,6,10,CN
https://openalex.org/A5045405023,Xining Liao,https://api.openalex.org/works?filter=author.id:A5045405023,4,5,CN
https://openalex.org/A5064296464,Xiaoqing Hu,https://api.openalex.org/works?filter=author.id:A5064296464,24,111,HK
https://openalex.org/A5101829664,Xinwei Zheng,https://api.openalex.org/works?filter=author.id:A5101829664,9,28,CN
https://openalex.org/A5100327957,Xin Wang,https://api.openalex.org/works?filter=author.id:A5100327957,68,885,CN
https://openalex.org/A5102318346,Xueyan Gao,https://api.openalex.org/works?filter=author.id:A5102318346,11,46,CN
https://openalex.org/A5102252640,Xuzhen Yang,https://api.openalex.org/works?filter=author.id:A5102252640,1,3,CN
https://openalex.org/A5002658913,Yair Rubinstein,https://api.openalex.org/works?filter=author.id:A5002658913,4,7,IL
https://openalex.org/A5067139014,Yan Jiang,https://api.openalex.org/works?filter=author.id:A5067139014,65,673,CN
https://openalex.org/A5100322712,Yan Wang,https://api.openalex.org/works?filter=author.id:A5100322712,69,1837,CN
https://openalex.org/A5001319317,Yanbang Wang,https://api.openalex.org/works?filter=author.id:A5001319317,12,36,US
https://openalex.org/A5034175275,Huanghao Yang,https://api.openalex.org/works?filter=author.id:A5034175275,104,503,CN
https://openalex.org/A5100397455,Yang Yang,https://api.openalex.org/works?filter=author.id:A5100397455,146,675,CN
https://openalex.org/A5052761636,Zhou Yang,https://api.openalex.org/works?filter=author.id:A5052761636,63,761,US
https://openalex.org/A5004327296,Yangliu Fan,https://api.openalex.org/works?filter=author.id:A5004327296,1,4,DK
https://openalex.org/A5009187597,Yanna Krupnikov,https://api.openalex.org/works?filter=author.id:A5009187597,29,197,US
https://openalex.org/A5038158438,Yannick Thams,https://api.openalex.org/works?filter=author.id:A5038158438,9,24,US
https://openalex.org/A5018129441,Yasir Zaki,https://api.openalex.org/works?filter=author.id:A5018129441,16,125,AE
https://openalex.org/A5005421447,Yi Yang,https://api.openalex.org/works?filter=author.id:A5005421447,130,1157,CN
https://openalex.org/A5009715573,Yibing Sun,https://api.openalex.org/works?filter=author.id:A5009715573,9,17,CN
https://openalex.org/A5100444190,Yichi Zhang,https://api.openalex.org/works?filter=author.id:A5100444190,29,108,CN
https://openalex.org/A5101453916,Yanning Qian,https://api.openalex.org/works?filter=author.id:A5101453916,17,84,CN
https://openalex.org/A5063830804,Y. F. Wang,https://api.openalex.org/works?filter=author.id:A5063830804,71,818,CN
https://openalex.org/A5112752610,Yilang Peng,https://api.openalex.org/works?filter=author.id:A5112752610,11,34,US
https://openalex.org/A5100669855,Yilun Liu,https://api.openalex.org/works?filter=author.id:A5100669855,36,201,CN
https://openalex.org/A5052076681,Yilun Xu,https://api.openalex.org/works?filter=author.id:A5052076681,18,64,CN
https://openalex.org/A5100377930,Yiming Wang,https://api.openalex.org/works?filter=author.id:A5100377930,40,239,CN
https://openalex.org/A5047170063,Ying Ding,https://api.openalex.org/works?filter=author.id:A5047170063,63,740,US
https://openalex.org/A5032446414,Yingdan Lu,https://api.openalex.org/works?filter=author.id:A5032446414,8,39,US
https://openalex.org/A5009478901,Yini Zhang,https://api.openalex.org/works?filter=author.id:A5009478901,13,51,CN
https://openalex.org/A5048798692,Yiran Zhang,https://api.openalex.org/works?filter=author.id:A5048798692,2,4,US
https://openalex.org/A5101275716,Yiwei Xu,https://api.openalex.org/works?filter=author.id:A5101275716,23,90,CN
https://openalex.org/A5100393445,Yixin Chen,https://api.openalex.org/works?filter=author.id:A5100393445,45,304,US
https://openalex.org/A5100746010,Yixuan Liu,https://api.openalex.org/works?filter=author.id:A5100746010,29,215,CN
https://openalex.org/A5100355277,Yong Li,https://api.openalex.org/works?filter=author.id:A5100355277,78,1498,CN
https://openalex.org/A5100320371,Yongjun Zhang,https://api.openalex.org/works?filter=author.id:A5100320371,57,346,CN
https://openalex.org/A5101710557,Yong Yang,https://api.openalex.org/works?filter=author.id:A5101710557,17,75,CN
https://openalex.org/A5089178335,Yoo Ji Suh,https://api.openalex.org/works?filter=author.id:A5089178335,4,7,US
https://openalex.org/A5090460555,Young Min Cho,https://api.openalex.org/works?filter=author.id:A5090460555,53,410,KR
https://openalex.org/A5045062764,Young Ik Lee,https://api.openalex.org/works?filter=author.id:A5045062764,16,51,KR
https://openalex.org/A5037708423,Yphtach Lelkes,https://api.openalex.org/works?filter=author.id:A5037708423,32,179,US
https://openalex.org/A5049051580,Yaoyu Zhou,https://api.openalex.org/works?filter=author.id:A5049051580,98,336,CN
https://openalex.org/A5100344847,Yuan Wei,https://api.openalex.org/works?filter=author.id:A5100344847,34,209,CN
https://openalex.org/A5003974631,Yuanyuan Wu,https://api.openalex.org/works?filter=author.id:A5003974631,27,92,CN
https://openalex.org/A5100624671,Yang Yue,https://api.openalex.org/works?filter=author.id:A5100624671,33,315,CN
https://openalex.org/A5043371507,Yueran Duan,https://api.openalex.org/works?filter=author.id:A5043371507,2,10,CN
https://openalex.org/A5023211206,Yuhao Du,https://api.openalex.org/works?filter=author.id:A5023211206,8,26,CN
https://openalex.org/A5113221371,Y. H. Kim,https://api.openalex.org/works?filter=author.id:A5113221371,7,31,US
https://openalex.org/A5106620976,Yujin Potter,https://api.openalex.org/works?filter=author.id:A5106620976,2,4,US
https://openalex.org/A5048274255,Yuki Sasamoto,https://api.openalex.org/works?filter=author.id:A5048274255,4,16,JP
https://openalex.org/A5043268072,Yukihisa Fujita,https://api.openalex.org/works?filter=author.id:A5043268072,18,70,JP
https://openalex.org/A5063365763,Yukun Yang,https://api.openalex.org/works?filter=author.id:A5063365763,28,91,CN
https://openalex.org/A5063696855,Yiyu Yao,https://api.openalex.org/works?filter=author.id:A5063696855,86,585,CN
https://openalex.org/A5005537718,Yunkang Yang,https://api.openalex.org/works?filter=author.id:A5005537718,5,8,US
https://openalex.org/A5060246267,Yunya Song,https://api.openalex.org/works?filter=author.id:A5060246267,14,79,HK
https://openalex.org/A5100385834,Yuxin Liu,https://api.openalex.org/works?filter=author.id:A5100385834,30,82,CN
https://openalex.org/A5109732914,Y. F. Sui,https://api.openalex.org/works?filter=author.id:A5109732914,1,2,CN
https://openalex.org/A5015377066,Zachary T. P. Fried,https://api.openalex.org/works?filter=author.id:A5015377066,4,16,US
https://openalex.org/A5050716607,Zachary Horne,https://api.openalex.org/works?filter=author.id:A5050716607,14,77,GB
https://openalex.org/A5026949435,Zachary Robertson,https://api.openalex.org/works?filter=author.id:A5026949435,6,22,
https://openalex.org/A5069939742,Zakir Durumeric,https://api.openalex.org/works?filter=author.id:A5069939742,27,91,US
https://openalex.org/A5066924384,Zening Duan,https://api.openalex.org/works?filter=author.id:A5066924384,5,8,US
https://openalex.org/A5047556152,Zhenguo Chi,https://api.openalex.org/works?filter=author.id:A5047556152,86,663,CN
https://openalex.org/A5100440745,Kang Xu,https://api.openalex.org/works?filter=author.id:A5100440745,137,1805,CN
https://openalex.org/A5101935363,Zhengyu Shi,https://api.openalex.org/works?filter=author.id:A5101935363,10,57,CN
https://openalex.org/A5073474951,Z. Tang,https://api.openalex.org/works?filter=author.id:A5073474951,90,932,CN
https://openalex.org/A5110448998,Zhijian Zheng,https://api.openalex.org/works?filter=author.id:A5110448998,8,14,CN
https://openalex.org/A5077793804,Zhuoxin Lu,https://api.openalex.org/works?filter=author.id:A5077793804,12,31,CN
https://openalex.org/A5085580030,Zhuoyu Shi,https://api.openalex.org/works?filter=author.id:A5085580030,1,1,GB
https://openalex.org/A5026128402,Zituo Wang,https://api.openalex.org/works?filter=author.id:A5026128402,4,7,US
https://openalex.org/A5076651767,Ziv Epstein,https://api.openalex.org/works?filter=author.id:A5076651767,18,65,US
https://openalex.org/A5030381261,Ziyi Zhao,https://api.openalex.org/works?filter=author.id:A5030381261,9,46,US
https://openalex.org/A5015694492,Zoltán Kmetty,https://api.openalex.org/works?filter=author.id:A5015694492,8,83,HU
https://openalex.org/A5037009852,Yang Zou,https://api.openalex.org/works?filter=author.id:A5037009852,38,96,CN
https://openalex.org/A5090107603,Zsófia Rakovics,https://api.openalex.org/works?filter=author.id:A5090107603,2,6,HU
https://openalex.org/A5100771200,Muhammad Shafiq,https://api.openalex.org/works?filter=author.id:A5100771200,49,396,PK
https://openalex.org/A5087528940,Diogo A. Gomes,https://api.openalex.org/works?filter=author.id:A5087528940,30,253,SA
https://openalex.org/A5054348632,Ákos Huszár,https://api.openalex.org/works?filter=author.id:A5054348632,5,31,HU
https://openalex.org/A5093136191,Şükrü Atsızelti,https://api.openalex.org/works?filter=author.id:A5093136191,1,7,TR
